{
    "ADA":49.80015000,
    "MATIC":61.15260000,
    "XRP":94.12906000,
    "SHIB":5561969.4600000,
    "BTT":"10687.24531100f",
    "BNB":0.00109320,
    "NU":295.0000000
}