{
    "ADA":49.80015000,
    "MATIC":47.35260000,
    "XRP":70.73906000,
    "SHIB":5561969.4600000,
    "BTT":10267.72200000,
    "DOGE":45.25470000,
    "BNB":0.00192217
}